name,link,get image
Laptop ASUS ROG Zephyrus G16 GA605WI-QR156WS,https://cellphones.com.vn/laptop-asus-rog-zephyrus-g16-ga605wi-qr156ws-ryzen.html,True
Laptop ASUS Zenbook DUO UX8406CA-PZ109WS,https://cellphones.com.vn/laptop-asus-zenbook-duo-ux8406ca-pz109ws.html,True
Laptop Lenovo Legion 7 16IRX9 83FD004MVN,https://cellphones.com.vn/laptop-lenovo-legion-7-16irx9-83fd004mvn.html,True
Laptop ASUS ROG Zephyrus G16 GA605WV-QR146WS,https://cellphones.com.vn/laptop-asus-rog-zephyrus-g16-ga605wv-qr146ws.html,True
Laptop ASUS Zenbook DUO UX8406MA-PZ142W,https://cellphones.com.vn/laptop-asus-zenbook-duo-ux8406ma-pz142w.html,True
Laptop Lenovo Gaming Legion 5 Pro 16IRX9 83DF0046VN,https://cellphones.com.vn/laptop-lenovo-gaming-legion-pro-5-16irx9-83df0046vn.html,True
Laptop ASUS ROG Strix G16 G614JIR-N4193W,https://cellphones.com.vn/laptop-asus-rog-strix-g16-g614jir-n4193w.html,True
Laptop MSI Pulse 17 AI C1VGKG-017VN,https://cellphones.com.vn/laptop-msi-pulse-17-ai-c1vgkg-017vn.html,True
Laptop Lenovo Gaming Legion 5 Pro 16IRX9 83DF0047VN,https://cellphones.com.vn/laptop-lenovo-gaming-legion-pro-5-16irx9-83df0047vn.html,True
Laptop LG Gram 2024 17Z90S-G.AH78A5,https://cellphones.com.vn/laptop-lg-gram-2024-17z90s-g-ah78a5.html,True
Laptop ASUS TUF Gaming A14 FA401WV-RG061WS - Chỉ có tại CellphoneS,https://cellphones.com.vn/laptop-asus-tuf-gaming-a14-fa401wv-rg061ws.html,True
Laptop ASUS ROG Strix G16 G614JVR-N4231W,https://cellphones.com.vn/laptop-asus-rog-strix-g16-g614jvr-n4231w.html,True
Laptop ASUS Gaming ROG Zephyrus G14 GA403UU-QS135W,https://cellphones.com.vn/laptop-asus-gaming-rog-zephyrus-g14-ga403uu-qs135w.html,True
Laptop ASUS Zenbook S 14 OLED UX5406SA-PV140WS,https://cellphones.com.vn/laptop-asus-zenbook-s-14-oled-ux5406sa-pv140ws.html,True
Laptop Lenovo Legion Slim 5 16AHP9 83DH003BVN,https://cellphones.com.vn/laptop-lenovo-legion-slim-5-16ahp9-83dh003bvn.html,True
Laptop Lenovo Yoga Slim 7 15ILL9 83HM000GVN,https://cellphones.com.vn/laptop-lenovo-yoga-slim-7-15ill9-83hm000gvn.html,True
Laptop ASUS TUF Gaming A14 FA401WV-RG062WS,https://cellphones.com.vn/laptop-asus-tuf-gaming-a14-fa401wv-rg062ws.html,True
Laptop Lenovo Yoga Pro 7 14ASP9 83HN0022VN,https://cellphones.com.vn/laptop-lenovo-yoga-pro-7-14asp9-83hn0022vn.html,True
Laptop MSI Prestige A16 AI+ A3HMG-045VN,https://cellphones.com.vn/laptop-msi-prestige-a16-ai-a3hmg-045vn.html,True
Laptop Acer Swift 14 AI SF14-51-75VP,https://cellphones.com.vn/laptop-acer-swift-14-ai-sf14-51-75vp.html,True
Laptop ASUS ROG Strix G18 G814JU-N6143W,https://cellphones.com.vn/laptop-asus-rog-strix-g18-g814ju-n6143w.html,True
Laptop Lenovo Legion Slim 5 16AHP9 83DH003AVN,https://cellphones.com.vn/laptop-lenovo-legion-slim-5-16ahp9-83dh003avn.html,True
Laptop ASUS Gaming ROG Zephyrus G16 GU603VU-N4019W,https://cellphones.com.vn/laptop-asus-gaming-rog-zephyrus-g16-gu603vu-n4019w.html,True
Laptop ASUS ROG Strix G16 G614JV-N4369W,https://cellphones.com.vn/laptop-asus-rog-strix-g16-g614jv-n4369w.html,True
Laptop ASUS ROG Strix G16 G614JU-N4450W,https://cellphones.com.vn/laptop-asus-rog-strix-g16-g614ju-n4450w.html,True
Laptop MSI Gaming Sword 16 HX B14VFKG-460VN,https://cellphones.com.vn/laptop-msi-gaming-sword-16-hx-b14vfkg-460vn.html,True
Laptop Acer Swift 14 AI SF14-51-53P9,https://cellphones.com.vn/laptop-acer-swift-14-ai-sf14-51-53p9.html,True
Laptop ASUS TUF Gaming F15 FX507VI-LP077W,https://cellphones.com.vn/laptop-asus-tuf-gaming-f15-fx507vi-lp077w.html,True
Laptop ASUS Zenbook 14 UX3405CA-PZ368WS,https://cellphones.com.vn/laptop-asus-zenbook-14-ux3405ca-pz368ws.html,True
Laptop ASUS Vivobook S 16 S5606CA-RI115WS,https://cellphones.com.vn/laptop-asus-vivobook-s-16-s5606ca-ri115ws.html,True
Laptop HP Envy X360 2IN1 14-FC0086TU A19BWPA,https://cellphones.com.vn/laptop-hp-envy-x360-2in1-14-fc0086tu-a19bwpa.html,True
Laptop ASUS ROG Strix G16 G614JU-N4132W,https://cellphones.com.vn/laptop-asus-rog-strix-g16-g614ju-n4132w.html,True
Laptop Lenovo LOQ 15IRX9 83DV00UFVN,https://cellphones.com.vn/laptop-lenovo-loq-15irx9-83dv00ufvn.html,True
Laptop ASUS ROG Strix G16 G614JU-N3206W,https://cellphones.com.vn/laptop-asus-rog-strix-g16-g614ju-n3206w.html,True
Laptop ASUS Vivobook S14 OLED S5406SA-PP059WS,https://cellphones.com.vn/laptop-asus-vivobook-s14-oled-s5406sa-pp059ws.html,True
Laptop ASUS TUF Gaming A15 FA507XI-LP420W,https://cellphones.com.vn/laptop-asus-tuf-gaming-a15-fa507xi-lp420w.html,True
Laptop MSI Prestige 14 AI Studio C1VEG-056VN,https://cellphones.com.vn/laptop-msi-prestige-14-ai-studio-c1veg-056vn.html,True
Laptop ASUS Zenbook 14 UX3405CA-PZ187WS,https://cellphones.com.vn/laptop-asus-zenbook-14-ux3405ca-pz187ws.html,True
Laptop ASUS ZenBook S 13 OLED UX5304VA-NQ125W,https://cellphones.com.vn/laptop-asus-zenbook-s-13-oled-ux5304va-nq125w.html,True
Laptop ASUS ROG Strix G16 G614JU-N3480W,https://cellphones.com.vn/laptop-asus-rog-strix-g16-g614ju-n3480w.html,True
Laptop ASUS ZenBook S 13 OLED UX5304VA-NQ125W,https://cellphones.com.vn/laptop-asus-zenbook-s-13-oled-ux5304va-nq125w.html,True
Laptop ASUS Vivobook 15 OLED S5507QA-MA090WS,https://cellphones.com.vn/laptop-asus-vivobook-15-oled-s5507qa-ma090ws.html,True
Laptop ASUS ExpertBook P5 P5405CSA-NZ0017W,https://cellphones.com.vn/laptop-asus-expertbook-p5-p5405csa-nz0017w.html,True
Laptop ASUS Vivobook S 14 OLED M5406WA-PP071WS,https://cellphones.com.vn/laptop-asus-vivobook-s-14-oled-m5406wa-pp071ws.html,True
Laptop ASUS TUF Gaming F16 FX607JV-N3199W,https://cellphones.com.vn/laptop-asus-tuf-gaming-f16-fx607jv-n3199w.html,True
Laptop ASUS TUF Gaming F15 FX507VV-LP304W,https://cellphones.com.vn/laptop-asus-tuf-gaming-f15-fx507vv-lp304w.html,True
Laptop Dell Latitude 5550 71047019,https://cellphones.com.vn/laptop-dell-latitude-5550-71047019.html,True
Laptop LG Gram 2023 16Z90R-G.AH76A5,https://cellphones.com.vn/laptop-lg-gram-2023-16z90r-g-ah76a5.html,True
Laptop Lenovo LOQ 15IRX9 83DV00UGVN,https://cellphones.com.vn/laptop-lenovo-loq-15irx9-83dv00ugvn.html,True
Laptop MSI Cyborg 15 A1VEK-053VN,https://cellphones.com.vn/laptop-msi-cyborg-15-a1vek-053vn.html,True
Laptop Gaming Acer Nitro V ANV15-51-75GS,https://cellphones.com.vn/laptop-gaming-acer-nitro-v-anv15-51-75gs.html,True
Laptop ASUS TUF Gaming F15 FX507VV-LP157W,https://cellphones.com.vn/laptop-asus-tuf-gaming-f15-fx507vv-lp157w.html,True
Laptop Lenovo LOQ 15ARP9 83JC003YVN,https://cellphones.com.vn/laptop-lenovo-loq-15arp9-83jc003yvn.html,True
Laptop LG Gram 2024 14Z90S-G.AH75A5,https://cellphones.com.vn/laptop-lg-gram-2024-14z90s-g-ah75a5.html,True
Laptop ASUS TUF Gaming F16 FX607JU-N3139W,https://cellphones.com.vn/laptop-asus-tuf-gaming-f16-fx607ju-n3139w.html,True
Laptop LG Gram 2024 2in1 14T90S-G.AH55A5,https://cellphones.com.vn/laptop-lg-gram-2024-2in1-14t90s-g-ah55a5.html,True
Laptop ASUS TUF Gaming A15 FA507NV-LP061W,https://cellphones.com.vn/laptop-asus-tuf-gaming-a15-fa507nv-lp061w.html,True
Laptop MSI Katana 15 B13VFK-676VN,https://cellphones.com.vn/laptop-msi-katana-15-b13vfk-676vn.html,True
Laptop Dell Inspiron 14 5440 71034770,https://cellphones.com.vn/laptop-dell-inspiron-14-5440-71034770.html,True
Laptop ASUS TUF Gaming F15 FX507VU-LP315W,https://cellphones.com.vn/laptop-asus-tuf-gaming-f15-fx507vu-lp315w.html,True
Laptop ASUS Vivobook S14 OLED S5406SA-PP060WS,https://cellphones.com.vn/laptop-asus-vivobook-s14-oled-s5406sa-pp060ws.html,True
Laptop HP Envy X360 2IN1 14-FC0162TU AY8X1PA,https://cellphones.com.vn/laptop-hp-envy-x360-2in1-14-fc0162tu-ay8x1pa.html,True
Laptop MSI Prestige 14 AI Studio C1UDXG-058VN,https://cellphones.com.vn/laptop-msi-prestige-14-ai-studio-c1udxg-058vn.html,True
Laptop ASUS Zenbook 14 Oled UX3405MA-PP151W,https://cellphones.com.vn/laptop-asus-zenbook-14-oled-ux3405ma-pp151w.html,True
Laptop ASUS Vivobook S 14 OLED S5406MA-PP198WS,https://cellphones.com.vn/laptop-asus-vivoboook-s-14-oled-s5406ma-pp198ws.html,True
Laptop ASUS Zenbook 14 OLED UX3405MA-PP588W,https://cellphones.com.vn/laptop-asus-zenbook-14-oled-ux3405ma-pp588w.html,True
Laptop ASUS TUF Gaming A15 FA507NVR-LP091W,https://cellphones.com.vn/laptop-asus-tuf-gaming-a15-fa507nvr-lp091w.html,True
Laptop LG Gram 2024 14Z90S-G.AH55A5,https://cellphones.com.vn/laptop-lg-gram-2024-14z90s-g-ah55a5.html,True
Laptop ASUS TUF Gaming F15 FX507VU-LP198W,https://cellphones.com.vn/laptop-asus-tuf-gaming-f15-fx507vu-lp198w.html,True
Laptop MSI Gaming Katana AI B8VE-402VN,https://cellphones.com.vn/laptop-msi-gaming-katana-a15-ai-b8ve-402vn.html,True
Laptop Acer Swift Go 14 AI SFG14-73-71ZX NX.KSLSV.002,https://cellphones.com.vn/laptop-acer-swift-go-14-ai-sfg14-73-71zx.html,True
Laptop Lenovo LOQ 15IAX9 83GS000RVN,https://cellphones.com.vn/laptop-lenovo-loq-15iax9-83gs000rvn.html,True
Laptop ASUS  VivoBook S 16 OLED S5606MA-MX051W,https://cellphones.com.vn/laptop-asus-vivobook-s-16-oled-s5606ma-mx051w.html,True
Laptop ASUS VivoBook S 14 OLED S5406MA-PP136W,https://cellphones.com.vn/laptop-asus-vivobook-s-14-oled-s5406ma-pp136w.html,True
Laptop MSI Katana 15 B13VEK-2256VN,https://cellphones.com.vn/laptop-msi-katana-15-b13vek-2256vn.html,True
Laptop ASUS ExpertBook P5 P5405CSA-NZ0016W,https://cellphones.com.vn/laptop-asus-expertbook-p5-p5405csa-nz0016w.html,True
Laptop Lenovo Ideapad Slim 5 14IMH9 83DA006UVN,https://cellphones.com.vn/laptop-lenovo-ideapad-slim-5-14imh9-83da006uvn.html,True
Laptop Lenovo LOQ 15IAX9 83GS001QVN,https://cellphones.com.vn/laptop-lenovo-loq-15iax9-83gs001qvn.html,True
Laptop Gigabyte G6 MF-H2VN854KH,https://cellphones.com.vn/laptop-gigabyte-g6-mf-h2vn854kh.html,True
Laptop Gaming Acer Nitro V ANV15-51-55CA,https://cellphones.com.vn/laptop-gaming-acer-nitro-v-anv15-51-55ca.html,True
Laptop Lenovo LOQ 15ARP9 83JC003VVN,https://cellphones.com.vn/laptop-lenovo-loq-15arp9-83jc003vvn.html,True
Laptop Dell Inspiron 14 5440 N5440-C5U165W11IBD2,https://cellphones.com.vn/laptop-dell-inspiron-14-5440-n5440-c5u165w11ibd2.html,True
Laptop ASUS Vivobook S 14 OLED S5406MA-PP046WS,https://cellphones.com.vn/laptop-asus-vivoboook-s-14-oled-s5406ma-pp046ws.html,True
Laptop ASUS TUF Gaming A15 FA507NUR-LP101W,https://cellphones.com.vn/laptop-asus-tuf-gaming-a15-fa507nur-lp101w.html,True
Laptop MSI Gaming Bravo 15 C7VFK-275VN,https://cellphones.com.vn/laptop-msi-gaming-bravo-15-c7vfk-275vn.html,True
Laptop Gaming Acer Nitro V ANV15-51-72VS NH.QNASV.004,https://cellphones.com.vn/laptop-gaming-acer-nitro-v-anv15-51-72vs.html,True
Laptop HP Pavilion X360 14-EK2017TU 9Z2V5PA,https://cellphones.com.vn/laptop-hp-pavilion-x360-14-ek2017tu-9z2v5pa.html,True
Laptop HP Pavilion 15-EG3112TU 8U6L9PA,https://cellphones.com.vn/laptop-hp-pavilion-15-eg3112tu-8u6l9pa.html,True
Laptop Lenovo Yoga Slim 6 14IRH8 83E00008VN,https://cellphones.com.vn/laptop-lenovo-yoga-slim-6-14irh8-83e00008vn.html,True
Laptop ASUS TUF Gaming A16 Advantage Edition FA617NSR-RL100W,https://cellphones.com.vn/laptop-asus-tuf-gaming-a16-advantage-edition-fa617nsr-rl100w.html,True
Laptop Lenovo Yoga Slim 6 14IRH8 83E0000VVN,https://cellphones.com.vn/laptop-lenovo-yoga-slim-6-14irh8-83e0000vvn.html,True
Laptop Acer Swift Go 14 AI SFG14-73-53X7 NX.KSLSV.001,https://cellphones.com.vn/laptop-acer-swift-go-14-ai-sfg14-73-53x7.html,True
Laptop ASUS Vivobook 15 OLED A1505VA-MA469W,https://cellphones.com.vn/laptop-asus-vivobook-15-oled-a1505va-ma469w.html,True
Laptop MSI Katana 15 B13UDXK-2269VN V2,https://cellphones.com.vn/laptop-msi-katana-15-b13udxk-2269vn-16gb.html,True
Laptop ASUS Vivobook S 15 S5507QA-MA092WS Copilot+ X Plus,https://cellphones.com.vn/laptop-asus-vivobook-s-15-s5507qa-ma092ws-copilot-x-plus.html,True
Laptop Gaming Acer Nitro V ANV15-51-57B2,https://cellphones.com.vn/laptop-gaming-acer-nitro-v-anv15-51-57b2.html,True
Laptop Lenovo IdeaPad Slim 5 15ARP10 83J3002SVN,https://cellphones.com.vn/laptop-lenovo-ideapad-slim-5-15arp10-83j3002svn.html,True
Laptop ASUS VivoBook A515EP-BQ196T,https://cellphones.com.vn/laptop-asus-vivobook-15-a515ep.html,True
Laptop Lenovo LOQ 15IRX9 83DV012LVN,https://cellphones.com.vn/laptop-lenovo-loq-15irx9-83dv012lvn.html,True
Laptop ASUS Vivobook 14 A1407CA-LY008WS,https://cellphones.com.vn/laptop-asus-vivobook-14-a1407ca-ly008ws.html,True
Laptop Lenovo LOQ 15ARP9 83JC007JVN,https://cellphones.com.vn/laptop-lenovo-loq-15arp9-83jc007jvn.html,True
Laptop ASUS Vivobook 14 A1407CA-LY008WS,https://cellphones.com.vn/laptop-asus-vivobook-14-a1407ca-ly008ws.html,True
Laptop ASUS Vivobook 16 M1607KA-MB091WS,https://cellphones.com.vn/laptop-asus-vivobook-16-m1607ka-mb091ws-ryzen-ai-7.html,True
Laptop Dell Inspiron 15 3530 P16WD,https://cellphones.com.vn/laptop-dell-inspiron-15-3530-p16wd.html,True
Laptop Acer Swift Lite 14 AI SFL14-51M-78XZ,https://cellphones.com.vn/laptop-acer-swift-lite-14-ai-sfl14-51m-78xz.html,True
Laptop Lenovo IdeaPad Slim 5 14IMH9 83DA006TVN,https://cellphones.com.vn/laptop-lenovo-ideapad-slim-5-14imh9-83da006tvn.html,True
Laptop ASUS VivoBook 15X OLED S3504VA-L1227WS,https://cellphones.com.vn/laptop-asus-vivobook-15x-oled-s3504va-l1227ws.html,True
Laptop MSI Katana 15 B13UDXK-2270VN,https://cellphones.com.vn/laptop-msi-katana-15-b13udxk-2270vn.html,True
Laptop Dell Inspiron 15 3530 N5I7240W1,https://cellphones.com.vn/laptop-dell-inspiron-15-3530-n5i7240w1.html,True
Laptop Lenovo LOQ 15IAX9 83GS001RVN,https://cellphones.com.vn/laptop-lenovo-loq-15iax9-83gs001rvn.html,True
Laptop MSI Katana 15 B13UDXK-2270VN V2,https://cellphones.com.vn/laptop-msi-katana-15-b13udxk-2270vn-16gb.html,True
Laptop Lenovo Yoga Duet 7 13ITL6 82MA009LPH,https://cellphones.com.vn/laptop-lenovo-yoga-duet-7-13itl6-82ma009lph.html,True
Laptop Gaming Acer Nitro 5 Tiger AN515-58-50D2,https://cellphones.com.vn/laptop-gaming-acer-nitro-5-tiger-an515-58-50d2.html,True
Laptop Lenovo ThinkBook 14 G6 IRL 21KG00BQVN,https://cellphones.com.vn/laptop-lenovo-thinkbook-14-g6-irl-21kg00bqvn.html,True
Laptop Lenovo LOQ 15IAX9 83GS00DBVN,https://cellphones.com.vn/laptop-lenovo-loq-15iax9-83gs00dbvn.html,True
Laptop ASUS Vivobook 15 OLED A1505VA-MA492W,https://cellphones.com.vn/laptop-asus-vivobook-15-oled-a1505va-ma492w.html,True
Laptop ASUS TUF Gaming F15 FX507ZC4-HN095W,https://cellphones.com.vn/laptop-asus-tuf-gaming-f15-fx507zc4-hn095w.html,True
Laptop HP 15-FD1063TU 9Z2Y1PA,https://cellphones.com.vn/laptop-hp-15-fd1063tu-9z2y1pa.html,True
Laptop Gaming Acer Nitro 5 Tiger AN515 58 52SP,https://cellphones.com.vn/laptop-gaming-acer-nitro-5-tiger-an515-58-52sp.html,True
Laptop Gaming Acer Nitro 5 AN515 58 52SP,https://cellphones.com.vn/laptop-gaming-acer-nitro-5-an515-58-52sp.html,True
Laptop Lenovo IdeaPad Slim 5 14Q8X9 83HL000KVN,https://cellphones.com.vn/laptop-lenovo-ideapad-slim-5-14q8x9-83hl000kvn.html,True
Laptop MSI Gaming Thin 15 B13UC-1411VN V2,https://cellphones.com.vn/laptop-msi-gaming-thin-15-b13uc-1411vn-24gb.html,True
Laptop Gigabyte G5 MF5-52VN383SH,https://cellphones.com.vn/laptop-gigabyte-g5-mf5-52vn383sh.html,True
Laptop Lenovo ThinkPad E14 GEN 5 21JK00H5VN,https://cellphones.com.vn/laptop-lenovo-thinkpad-e14-gen-5-21jk00h5vn.html,True
Laptop ASUS Gaming VivoBook K3605ZC-RP564W,https://cellphones.com.vn/laptop-asus-gaming-vivobook-k3605zc-rp564w.html,True
Laptop Lenovo IdeaPad Slim 3 14IRH10 83K00009VN,https://cellphones.com.vn/laptop-lenovo-ideapad-slim-3-14irh10-83k00009vn.html,True
Laptop Gigabyte MF F2VN333SH,https://cellphones.com.vn/laptop-gigabyte-g5-mf-f2vn333sh.html,True
Laptop ASUS TUF Gaming A15 FA506NCR-HN047W,https://cellphones.com.vn/laptop-asus-tuf-gaming-a15-fa506ncr-hn047w.html,True
Laptop Lenovo LOQ 15IAX9E 83LK0036VN,https://cellphones.com.vn/laptop-lenovo-loq-15iax9e-83lk0036vn.html,True
Laptop Gaming Acer Nitro V 15 ProPanel ANV15-41-R7AP,https://cellphones.com.vn/laptop-gaming-acer-nitro-v-anv15-41-r7ap.html,True
Laptop Lenovo LOQ 15ARP9 83JC007HVN,https://cellphones.com.vn/laptop-lenovo-loq-15arp9-83jc007hvn.html,True
Laptop Lenovo LOQ 15IAX9 83GS001SVN,https://cellphones.com.vn/laptop-lenovo-loq-15iax9-83gs001svn.html,True
Laptop ASUS TUF Gaming A17 FA706NFR-HX025W,https://cellphones.com.vn/laptop-asus-tuf-gaming-a17-fa706nfr-hx025w.html,True
Laptop Acer Swift Lite 14 AI SFL14-51M-56HS,https://cellphones.com.vn/laptop-acer-swift-lite-14-ai-sfl14-51m-56hs.html,True
Laptop ASUS TUF Gaming F15 FX507ZC4-HN074W,https://cellphones.com.vn/laptop-asus-tuf-gaming-f15-fx507zc4-hn074w.html,True
Laptop Acer Aspire 7 A715-76G-5806,https://cellphones.com.vn/laptop-acer-aspire-7-a715-76g-5806.html,True
Laptop Lenovo ThinkPad E16 Gen 1 21JN00GJVN,https://cellphones.com.vn/laptop-lenovo-thinkpad-e16-gen-1-21jn00gjvn.html,True
Laptop Dell Inspiron 15 3520 I3520-7896BLK-PUS - Nhập khẩu chính hãng,https://cellphones.com.vn/laptop-dell-inspiron-15-3520-i3520-7896blk-pus.html,True
Laptop MSI Gaming Thin 15 B13UC-2081VN,https://cellphones.com.vn/laptop-msi-gaming-thin-15-b13uc-2081vn.html,True
Laptop Lenovo IdeaPad Slim 3 15IRH10 83K1000JVN,https://cellphones.com.vn/laptop-lenovo-ideapad-slim-3-15irh10-83k1000jvn.html,True
Laptop HP Pavilion 15-EG3095TU 8C5L6PA V2,https://cellphones.com.vn/laptop-hp-pavilion-15-eg3095tu-8c5l6pa-16gb.html,True
Laptop HP Pavilion 15-EG3093TU 8C5L4PA,https://cellphones.com.vn/laptop-hp-pavilion-15-eg3093tu-8c5l4pa.html,True
Laptop HP Pavilion 15-EG3111TU 8U6L8PA,https://cellphones.com.vn/laptop-hp-pavilion-15-eg3111tu-8u6l8pa.html,True
Laptop MSI Prestige 14 EVO B13M-401VN,https://cellphones.com.vn/laptop-msi-prestige-14-evo-b13m-401vn.html,True
Laptop Lenovo IdeaPad Slim 5 15IRU9 83D00003VN,https://cellphones.com.vn/laptop-lenovo-ideapad-slim-5-15iru9-83d00003vn.html,False
Laptop Dell Inspiron 15 3520 6HD73,https://cellphones.com.vn/laptop-dell-inspiron-15-3520-6hd73.html,False
Laptop ASUS Vivobook 15 OLED A1505VA MA468W,https://cellphones.com.vn/laptop-asus-vivobook-15-oled-a1505va-ma468w.html,False
Laptop HP Gaming Victus 15-FA1139TX 8Y6W3PA,https://cellphones.com.vn/laptop-hp-victus-15-fa1139tx-8y6w3pa.html,False
Laptop ASUS TUF Gaming A15 FA506NFR-HN075W,https://cellphones.com.vn/laptop-asus-tuf-gaming-a15-fa506nfr-hn075w.html,False
Laptop ASUS Vivobook 14 OLED A1405ZA-KM263W,https://cellphones.com.vn/laptop-asus-vivobook-14-oled-a1405za-km263w.html,False
Laptop Lenovo ThinkBook 14 G6 IRL 21KG00RDVN,https://cellphones.com.vn/laptop-lenovo-thinkbook-14-g6-irl-21kg00rdvn.html,False
Laptop Lenovo IdeaPad Flex 5 14ABR8 82XX00DLVN,https://cellphones.com.vn/laptop-lenovo-ideapad-flex-5-14abr8-82xx00dlvn.html,False
Laptop ASUS TUF Gaming A15 FA506NFR-HN006W,https://cellphones.com.vn/laptop-asus-tuf-gaming-a15-fa506nfr-hn006w.html,False
Laptop Lenovo ThinkBook 16 G6 IRL 21KH00Q0VN,https://cellphones.com.vn/laptop-lenovo-thinkbook-16-g6-irl-21kh00q0vn.html,False
Laptop Dell Vostro 3530 2H1TPI7,https://cellphones.com.vn/laptop-dell-vostro-3530-2h1tpi7.html,False
Laptop Dell Inspiron 15 3530 N5I5407W1,https://cellphones.com.vn/laptop-dell-inspiron-15-3530-n5i5407w1.html,False
Laptop Dell Vostro 3520,https://cellphones.com.vn/laptop-dell-vostro-3520-i7-1255u-8gb-512gb.html,False
Laptop HP Pavilion 14-DV2073TU 7C0P2PA,https://cellphones.com.vn/laptop-hp-pavilion-14-dv2073tu-7c0p2pa.html,False
Laptop Acer Gaming Aspire 7 A715-76G-73FM,https://cellphones.com.vn/laptop-acer-gaming-aspire-7-a715-76g-73fm.html,False
Laptop MSI Gaming GF63 12VE-460VN,https://cellphones.com.vn/laptop-msi-gaming-gf63-12ve-460vn.html,False
Laptop ASUS VivoBook 14 OLED A1405VA-KM095W,https://cellphones.com.vn/laptop-asus-vivobook-14-oled-a1405va-km095w.html,False
Laptop ASUS  Vivobook 14 OLED A1405VA-KM257W,https://cellphones.com.vn/laptop-asus-vivobook-14-oled-a1405va-km257w.html,False
Laptop HP Gaming Victus 15-FB1023AX 94F20PA,https://cellphones.com.vn/laptop-hp-gaming-victus-15-fb1023ax-94f20pa.html,False
Laptop ASUS VivoBook 15 OLED A1505VA-L1114W,https://cellphones.com.vn/laptop-asus-vivobook-15-oled-a1505va-l1114w.html,False
Laptop Dell Vostro 3520 Y4G15,https://cellphones.com.vn/laptop-dell-vostro-3520-y4g15.html,False
Laptop Gaming Acer Nitro V ANV15-51-58AN,https://cellphones.com.vn/laptop-gaming-acer-nitro-v-anv15-51-58an.html,False
Laptop ASUS TUF Gaming A15 FA506NC-HN011W,https://cellphones.com.vn/laptop-asus-tuf-gaming-a15-fa506nc-hn011w.html,False
Laptop ASUS Gaming VivoBook K3605ZF-RP634W,https://cellphones.com.vn/laptop-asus-gaming-vivobook-k3605zf-rp634w.html,False
Laptop Lenovo Ideapad Slim 3 14IRH8 83EL0023VN,https://cellphones.com.vn/laptop-lenovo-ideapad-slim-3-14irh8-83el0023vn.html,False
Laptop Acer Aspire 5 Spin 14 A5SP14-51MTN-78JH,https://cellphones.com.vn/laptop-acer-aspire-5-spin-14-a5sp14-51mtn-78jh.html,False
Laptop MSI Gaming Thin 15 B12UC-1416VN,https://cellphones.com.vn/laptop-msi-gaming-thin-15-b12uc-1416vn.html,False
Laptop MSI Gaming Thin 15 B12UC-1416VN V2,https://cellphones.com.vn/laptop-msi-gaming-thin-15-b12uc-1416vn-16gb.html,False
Laptop HP Elitebook 630 G9 6M142PA,https://cellphones.com.vn/laptop-hp-elitebook-630-g9-6m142pa.html,False
Laptop Dell Latitude 3540 71038100,https://cellphones.com.vn/laptop-dell-latitude-3540-71038100.html,False
Laptop MSI Modern 14 C13M-607VN,https://cellphones.com.vn/laptop-msi-modern-14-c13m-607vn.html,False
Laptop Lenovo IdeaPad Slim 3 15IRH10 83K1000GVN,https://cellphones.com.vn/laptop-lenovo-ideapad-slim-3-15irh10-83k1000gvn.html,False
Laptop Gaming Acer Nitro 5 Eagle AN515-57-54MV,https://cellphones.com.vn/laptop-gaming-acer-nitro-5-eagle-an515-57-54mv.html,False
Laptop MSI Gaming GF63 Thin 11UC-1228VN,https://cellphones.com.vn/laptop-msi-gaming-gf63-thin-11uc-1228vn.html,False
Laptop MSI Cyborg 15 A12UCX-618VN,https://cellphones.com.vn/laptop-msi-cyborg-15-a12ucx-618vn.html,False
Laptop Dell Inspiron 15 3520 N3520-I5U165W11SLU,https://cellphones.com.vn/laptop-dell-inspiron-15-3520-n3520-i5u165w11slu.html,False
Laptop Dell Inspiron 15 3520 71045026,https://cellphones.com.vn/laptop-dell-inspiron-15-3520-71045026.html,False
Laptop Dell Inspiron 15 3520 8D10NK,https://cellphones.com.vn/laptop-dell-inspiron-15-3520-8d10nk.html,False
Laptop ASUS Vivobook 15 X1504ZA-NJ1039W,https://cellphones.com.vn/laptop-asus-vivobook-15-x1504za-nj1039w.html,False
Laptop Lenovo IdeaPad Flex 5 14ABR8 82XX00DMVN,https://cellphones.com.vn/laptop-lenovo-ideapad-flex-5-14abr8-82xx00dmvn.html,False
Laptop Acer Gaming Aspire 5 A515-58GM-53PZ,https://cellphones.com.vn/laptop-acer-gaming-aspire-5-a515-58gm-53pz.html,False
Laptop Acer Aspire Lite 16 AL16-51P-72S2,https://cellphones.com.vn/laptop-acer-aspire-lite-16-al16-51p-72s2.html,False
Laptop Acer Aspire 7 A715-76G-59MW,https://cellphones.com.vn/laptop-acer-aspire-7-a715-76g-59mw.html,False
Laptop HP 15-FD0235TU 9Q970PA,https://cellphones.com.vn/laptop-hp-15-fd0235tu-9q970pa.html,False
Laptop ASUS Vivobook 14 X1404ZA-NK389W,https://cellphones.com.vn/laptop-asus-vivobook-14-x1404za-nk389w.html,False
Laptop HP Pavilion 15-EG2083TU 7C0W9PA,https://cellphones.com.vn/laptop-hp-pavilion-15-eg2083tu-7c0w9pa.html,False
Laptop Lenovo IdeaPad Slim 3 14IRH10 83K00008VN,https://cellphones.com.vn/laptop-lenovo-ideapad-slim-3-14irh10-83k00008vn.html,False
Laptop Lenovo IdeaPad Slim 3 16IRH10 83K20002VN,https://cellphones.com.vn/laptop-lenovo-ideapad-slim-3-16irh10-83k20002vn.html,False
Laptop MSI Gaming Thin 15 B12UCX-1419VN V2,https://cellphones.com.vn/laptop-msi-gaming-thin-15-b12ucx-1419vn-16gb.html,False
Laptop ASUS VivoBook 15 X1504VA-NJ070W,https://cellphones.com.vn/laptop-asus-vivobook-15-x1504va-nj070w.html,False
Laptop ASUS Vivobook 15X OLED M3504YA-L1332W,https://cellphones.com.vn/laptop-asus-vivobook-15x-oled-m3504ya-l1332w.html,False
Laptop MSI Cyborg 15 A12UCX-281VN,https://cellphones.com.vn/laptop-msi-cyborg-15-a12ucx-281vn.html,False
Laptop ASUS ExpertBook B1402CVA-NK0157W,https://cellphones.com.vn/laptop-asus-expertbook-b1402cva-nk0157w.html,False
Laptop ASUS Vivobook 14 OLED A1405ZA-KM264W,https://cellphones.com.vn/laptop-asus-vivobook-14-oled-a1405za-km264w.html,False
Laptop HP 240 G9 AG2J7AT,https://cellphones.com.vn/laptop-hp-240-g9-ag2j7at.html,False
Laptop MSI Modern 15 B12MO-487VN,https://cellphones.com.vn/laptop-msi-modern-15-b12mo-487vn.html,False
Laptop MSI Gaming Thin 15 B12UCX-1419VN,https://cellphones.com.vn/laptop-msi-gaming-thin-15-b12ucx-1419vn.html,False
Laptop gaming MSI Thin A15 B7UCX 020VN,https://cellphones.com.vn/laptop-msi-gaming-thin-a15-b7ucx-020vn.html,False
Laptop Acer Aspire Lite 14 AL14-71M-52GQ,https://cellphones.com.vn/laptop-acer-aspire-lite-14-al14-71m-52gq.html,False
Laptop Dell Vostro 3530 2H1TPI5 - Nhập khẩu chính hãng,https://cellphones.com.vn/laptop-dell-vostro-3530-2h1tpi5-16gb.html,False
Laptop HP 250 G9 AG2K7AT,https://cellphones.com.vn/laptop-hp-250-g9-ag2k7at.html,False
Laptop HP 240 G9 9E5W3PT,https://cellphones.com.vn/laptop-hp-240-g9-9e5w3pt.html,False
Laptop HP 15-FD0237TU 9Q972PA,https://cellphones.com.vn/laptop-hp-15-fd0237tu.html,False
Laptop Lenovo V15 G4 IRU 83A100FYVN,https://cellphones.com.vn/laptop-lenovo-v15-g4-iru-83a100fyvn.html,False
Laptop Acer Aspire Lite 15 AL15-71P-517D,https://cellphones.com.vn/laptop-acer-aspire-lite-15-al15-71p-517d.html,False
Laptop Dell Inspiron 15 3520-5124BLK GJ8W7 V2 - Nhập khẩu chính hãng,https://cellphones.com.vn/laptop-dell-inspiron-15-3520-5124blk-gj8w7-16gb.html,False
Laptop Lenovo V14 G4 IRU 83A000BGVN,https://cellphones.com.vn/laptop-lenovo-v14-g4-iru-83a000bgvn.html,False
Laptop Lenovo IdeaPad Slim 3 15ABR8 82XM00EHVN,https://cellphones.com.vn/laptop-lenovo-ideapad-slim-3-15abr8-82xm00ehvn.html,False
Laptop Lenovo V14 G4 IRU 83A000FNVN,https://cellphones.com.vn/laptop-lenovo-v14-g4-iru-83a000fnvn.html,False
Laptop Lenovo IdeaPad Slim 3 14IAH8 83EQ0005VN,https://cellphones.com.vn/laptop-lenovo-ideapad-slim-3-14iah8-83eq0005vn.html,False
Laptop ASUS Vivobook 16 M1605YA-MB303W,https://cellphones.com.vn/laptop-asus-vivobook-16-m1605ya-mb303w.html,False
Laptop Acer Gaming Aspire 7 A715-76-53PJ,https://cellphones.com.vn/laptop-acer-gaming-aspire-7-a715-76-53pj.html,False
Laptop Dell Inspiron 15 3520 6R6NK V2 - Nhập khẩu chính hãng,https://cellphones.com.vn/laptop-dell-inspiron-15-3520-6r6nk-16gb.html,False
Laptop Acer Aspire Lite AL16-51P-55N7 NX.KX0SV.001,https://cellphones.com.vn/laptop-acer-aspire-lite-al16-51p-55n7.html,False
Laptop ASUS Vivobook 15 X1504ZA-NJ517W,https://cellphones.com.vn/laptop-asus-vivobook-15-x1504za-nj517w.html,False
Laptop Dell Inspiron 15 3520 6R6NK - Nhập khẩu chính hãng,https://cellphones.com.vn/laptop-dell-inspiron-15-3520-6r6nk.html,False
Laptop Dell Inspiron 15 3520-5124BLK GJ8W7 - Nhập khẩu chính hãng,https://cellphones.com.vn/laptop-dell-inspiron-15-3520-5124blk-gj8w7.html,False
Laptop MSI Modern 15 B7M-238VN,https://cellphones.com.vn/laptop-msi-modern-15-b7m-238vn.html,False
Laptop MSI Modern 14 C13M-608VN,https://cellphones.com.vn/laptop-msi-modern-14-c13m-608vn.html,False
Laptop Lenovo IdeaPad Slim 3 15 ABR8 82XM00EJVN,https://cellphones.com.vn/laptop-lenovo-ideapad-slim-3-15-abr8-82xm00ejvn.html,False
Laptop MSI Modern 14 C12M-241VN,https://cellphones.com.vn/laptop-msi-modern-14-c12m-241vn.html,False
Laptop ASUS Expertbook B1402CBA-NK2669W,https://cellphones.com.vn/laptop-asus-expertbook-b1402cba-nk2669w.html,False
Laptop Lenovo IdeaPad Slim 3 15ABR8 82XM00MDVN,https://cellphones.com.vn/laptop-lenovo-ideapad-slim-3-15abr8-82xm00mdvn.html,False
Laptop Dell Vostro 3520 F0V0V,https://cellphones.com.vn/laptop-dell-vostro-3520-f0v0v.html,False
Laptop MSI Modern 15 B13M-438VN,https://cellphones.com.vn/laptop-msi-modern-15-b13m-438vn.html,False
Laptop HP 15-FC0086AU A6VV9PA,https://cellphones.com.vn/laptop-hp-15-fc0086au-a6vv9pa.html,False
Laptop Dell Inspiron 15 3520-5810BLK 102F0,https://cellphones.com.vn/laptop-dell-inspiron-15-3520-5810blk-102f0.html,False
Laptop Acer Aspire 3 A314-42P-R3B3 NX.KSFSV.001,https://cellphones.com.vn/laptop-acer-aspire-3-a314-42p-r3b3.html,False
Laptop ASUS Vivobook GO 15 E1504FA-NJ454W,https://cellphones.com.vn/laptop-asus-vivobook-go-15-e1504fa-nj454w.html,False
Laptop ASUS VivoBook Go 14 E1404FA-NK177W,https://cellphones.com.vn/laptop-asus-vivobook-go-14-e1404fa-nk177w.html,False
Laptop ASUS ExpertBook B1 B1402CVA-NK0149W,https://cellphones.com.vn/laptop-asus-expertbook-b1402cva-nk0149w.html,False
Laptop Lenovo IdeaPad 1 14ALC7 82R30077VN,https://cellphones.com.vn/laptop-lenovo-ideapad-1-14alc7-82r30077vn.html,False
Laptop MSI Modern 14 C13M-458VN,https://cellphones.com.vn/laptop-msi-modern-14-c13m-458vn.html,False
Laptop MSI Modern 14 C12MO-660VN,https://cellphones.com.vn/laptop-msi-modern-14-c12mo-660vn.html,False
Laptop Dell Vostro 3520 F0V0V256 - Nhập khẩu chính hãng,https://cellphones.com.vn/laptop-dell-vostro-3520-f0v0v256.html,False
Laptop Lenovo IdeaPad Flex 5 14IAU7 82R700JQVN,https://cellphones.com.vn/laptop-lenovo-ideapad-flex-5-14iau7-82r700jqvn.html,False
Laptop HP 14-EP0220TU B73VWPA V2,https://cellphones.com.vn/laptop-hp-14-ep0220tu-b73vwpa-16gb.html,False
Laptop ASUS VivoBook 15 X1504VA-NJ069W,https://cellphones.com.vn/laptop-asus-vivobook-15-x1504va-nj069w.html,False
Laptop HP 15 250 G8 85C69EA,https://cellphones.com.vn/laptop-hp-15-250-g8-85c69ea.html,False
Laptop ASUS Vivobook 14 X1404VA-NK394W,https://cellphones.com.vn/laptop-asus-vivobook-14-x1404va-nk394w.html,False
Laptop Lenovo IdeaPad 1 14ALC7 82R30099VN,https://cellphones.com.vn/laptop-lenovo-ideapad-1-14alc7-82r30099vn.html,False
Laptop HP 15-FD0305TU A2NL6PA,https://cellphones.com.vn/laptop-hp-15-fd0305tu-a2nl6pa.html,False
Laptop MSI Modern 14 C7M-221VN,https://cellphones.com.vn/laptop-msi-modern-14-c7m-221vn.html,False
Laptop Acer Aspire 3 A315-58-53S6 NX.AM0SV.005,https://cellphones.com.vn/laptop-acer-aspire-3-a315-58-53s6.html,False
Laptop Acer Aspire Lite Gen 2 AL14-52M-32KV,https://cellphones.com.vn/laptop-acer-aspire-lite-gen-2-al14-52m-32kv.html,False
Laptop ASUS ExpertBook B1 B1502CVA-NJ0101W,https://cellphones.com.vn/laptop-asus-expertbook-b1-b1502cva-nj0101w.html,False
Laptop ASUS Vivobook 14 X1404ZA-NK386W,https://cellphones.com.vn/laptop-asus-vivobook-14-x1404za-nk386w.html,False
Laptop HP 14S-DQ5121TU 8W355PA,https://cellphones.com.vn/laptop-hp-14s-dq5121tu-8w355pa.html,False
Laptop Dell Vostro 3520 F0V0VI3 - Nhập khẩu chính hãng,https://cellphones.com.vn/laptop-dell-vostro-3520-f0v0vi3.html,False
Laptop HP 15S-FQ5231TU 8U241PA,https://cellphones.com.vn/laptop-hp-15s-fq5231tu-8u241pa.html,False
Laptop Acer Aspire 3 A315-59-381E,https://cellphones.com.vn/laptop-acer-aspire-3-a315-59-381e.html,False
Laptop Acer Aspire 3 Spin A3SP14-31PT-387Z,https://cellphones.com.vn/laptop-acer-aspire-3-spin-14-a3sp14-31pt-387z.html,False
Laptop ASUS ExpertBook B1 B1502CBA-NJ1261W,https://cellphones.com.vn/laptop-asus-expertbook-b1-b1502cba-nj1261w.html,False
